epoch,accuracy,loss,val_accuracy,val_loss
0,0.8553166389465332,0.5060172080993652,0.9182999730110168,0.2851666510105133
1,0.9204666614532471,0.281663715839386,0.9286999702453613,0.25077030062675476
2,0.9290666580200195,0.2516811490058899,0.9330000281333923,0.2347267121076584
3,0.9327666759490967,0.23621773719787598,0.9334999918937683,0.2350245863199234
4,0.9358500242233276,0.22718322277069092,0.9355000257492065,0.22882245481014252
