epoch,accuracy,loss,val_accuracy,val_loss
0,0.8921999931335449,0.39136412739753723,0.9266999959945679,0.2528354227542877
1,0.9328500032424927,0.23818649351596832,0.9337000250816345,0.21902155876159668
2,0.9416000247001648,0.2063329517841339,0.9455000162124634,0.19751283526420593
3,0.9476000070571899,0.1875929832458496,0.9472000002861023,0.19106829166412354
4,0.9517166614532471,0.1734980195760727,0.9509000182151794,0.17998701333999634
