epoch,accuracy,loss,val_accuracy,val_loss
0,0.9107999801635742,0.31658652424812317,0.9473000168800354,0.18715286254882812
1,0.9521999955177307,0.1654917150735855,0.9578999876976013,0.1424783617258072
2,0.9628833532333374,0.12865333259105682,0.9634000062942505,0.12480874359607697
3,0.9686833620071411,0.10857775807380676,0.9660000205039978,0.11925224959850311
4,0.972766637802124,0.09542024880647659,0.9685999751091003,0.11375871300697327
