epoch,accuracy,loss,val_accuracy,val_loss
0,0.927133321762085,0.25328096747398376,0.9559000134468079,0.14836151897907257
1,0.9642999768257141,0.12150716036558151,0.9702000021934509,0.10052688419818878
2,0.9737666845321655,0.08941575884819031,0.972100019454956,0.0978400781750679
3,0.979116678237915,0.07311082631349564,0.9729999899864197,0.0993937999010086
4,0.982616662979126,0.060882195830345154,0.9728999733924866,0.10277704149484634
