epoch,accuracy,loss,val_accuracy,val_loss
0,0.8821499943733215,0.44153717160224915,0.9157000184059143,0.30181095004081726
1,0.9158166646957397,0.3028413653373718,0.9226999878883362,0.29143163561820984
2,0.9207500219345093,0.29051724076271057,0.923799991607666,0.28541654348373413
3,0.9230833053588867,0.2845224142074585,0.9243999719619751,0.2886213958263397
4,0.9243999719619751,0.2821214199066162,0.9244999885559082,0.28380057215690613
