epoch,accuracy,loss,val_accuracy,val_loss
0,0.9392666816711426,0.2044449746608734,0.9689000248908997,0.10263184458017349
1,0.974133312702179,0.08966939151287079,0.9739000201225281,0.09708555042743683
2,0.9818999767303467,0.06568248569965363,0.9749000072479248,0.09562113136053085
3,0.9858333468437195,0.05152883008122444,0.9775000214576721,0.08537602424621582
4,0.9884833097457886,0.04122612625360489,0.9815999865531921,0.0795895904302597
5,0.9910500049591064,0.033425573259592056,0.9779999852180481,0.09159938246011734
6,0.9928666949272156,0.027935374528169632,0.9811000227928162,0.08759245276451111
