epoch,accuracy,loss,val_accuracy,val_loss
0,0.9406333565711975,0.19977901875972748,0.9682999849319458,0.1027296856045723
1,0.9745000004768372,0.09025055170059204,0.9745000004768372,0.08730270713567734
2,0.9817333221435547,0.06520960479974747,0.9731000065803528,0.09660953283309937
3,0.9861999750137329,0.05000828206539154,0.9789000153541565,0.0857737585902214
4,0.9889333248138428,0.04031062498688698,0.9804999828338623,0.08401675522327423
