epoch,accuracy,loss,val_accuracy,val_loss
0,0.9405333399772644,0.20450247824192047,0.9641000032424927,0.12489528954029083
1,0.9738166928291321,0.09086619317531586,0.9739999771118164,0.0943509116768837
2,0.9809166789054871,0.0686616525053978,0.9768999814987183,0.08446818590164185
3,0.9856833219528198,0.05169863626360893,0.978600025177002,0.08335058391094208
4,0.9890833497047424,0.041916463524103165,0.9805999994277954,0.0868326723575592
