epoch,accuracy,loss,val_accuracy,val_loss
0,0.9403666853904724,0.19919756054878235,0.9664999842643738,0.1103932335972786
1,0.9738500118255615,0.08902736008167267,0.9742000102996826,0.08963210135698318
2,0.9819166660308838,0.06462850421667099,0.9761000275611877,0.08817043155431747
3,0.9856666922569275,0.051005780696868896,0.9786999821662903,0.08437781035900116
4,0.9890833497047424,0.040939901024103165,0.9799000024795532,0.0822666585445404
5,0.9912833571434021,0.03302570804953575,0.9818000197410583,0.08024594187736511
6,0.9925333261489868,0.026875514537096024,0.98089998960495,0.09465854614973068
