epoch,accuracy,loss,val_accuracy,val_loss
0,0.939466655254364,0.20414979755878448,0.9656000137329102,0.11360430717468262
1,0.9734833240509033,0.09036450833082199,0.9745000004768372,0.09644611924886703
2,0.9816833138465881,0.06584616005420685,0.9722999930381775,0.10007158666849136
3,0.9860166907310486,0.04989709332585335,0.9793999791145325,0.08449089527130127
4,0.9883166551589966,0.041375380009412766,0.9807000160217285,0.08734360337257385
5,0.991016685962677,0.032613277435302734,0.9815000295639038,0.08511599153280258
6,0.9926000237464905,0.027793677523732185,0.9810000061988831,0.09260992705821991
7,0.9940833449363708,0.02187090739607811,0.9782999753952026,0.11047667264938354
