epoch,accuracy,loss,val_accuracy,val_loss
0,0.9447000026702881,0.18930216133594513,0.9689000248908997,0.0979859009385109
1,0.9762666821479797,0.08571581542491913,0.9760000109672546,0.0889042317867279
2,0.9829166531562805,0.06312533468008041,0.977400004863739,0.09319964796304703
3,0.9872666597366333,0.048478011041879654,0.979200005531311,0.091941699385643
4,0.9899666905403137,0.03895958513021469,0.9776999950408936,0.1144183874130249
