{"accuracy": 0.9940833449363708, "loss": 0.02187090739607811, "time_real": 55.49199104309082, "time_process": 392.01328}