{"accuracy": 0.972766637802124, "loss": 0.09542024880647659, "time_real": 15.251600742340088, "time_process": 22.084112459}