{"accuracy": 0.982616662979126, "loss": 0.060882195830345154, "time_real": 19.481851816177368, "time_process": 32.98744859}