{"accuracy": 0.9243999719619751, "loss": 0.2821214199066162, "time_real": 12.998509407043457, "time_process": 17.732226909}