{"accuracy": 0.9958000183105469, "loss": 0.01566057838499546, "time_real": 71.55067610740662, "time_process": 503.516001}