{"accuracy": 0.9890833497047424, "loss": 0.041916463524103165, "time_real": 43.82103419303894, "time_process": 91.47592769100001}