{"accuracy": 0.9925333261489868, "loss": 0.026875514537096024, "time_real": 63.080859899520874, "time_process": 128.211036781}