{"accuracy": 0.9899666905403137, "loss": 0.03895958513021469, "time_real": 67.80966925621033, "time_process": 170.374875892}