{"accuracy": 0.9889333248138428, "loss": 0.04031062498688698, "time_real": 42.876906871795654, "time_process": 90.538708368}