{"accuracy": 0.9358500242233276, "loss": 0.22718322277069092, "time_real": 13.124799489974976, "time_process": 18.074982947}