{"accuracy": 0.9928666949272156, "loss": 0.027935374528169632, "time_real": 63.14743685722351, "time_process": 128.213493839}