{"accuracy": 0.9517166614532471, "loss": 0.1734980195760727, "time_real": 12.998613119125366, "time_process": 18.441046853000003}